p,drift_mean,drift_std,drift_median,drift_q25,drift_q75,n_seeds,steps,n_sites
0.0,5.1292303737682235e-15,1.8316249964120877e-15,5.440092820663267e-15,3.469446951953614e-15,6.716849298982197e-15,10,10,6
0.05,0.6415140775914575,1.9589485985743424e-15,0.641514077591457,0.641514077591456,0.6415140775914591,10,10,6
0.1,0.8784233454094303,6.833861370354979e-16,0.8784233454094303,0.8784233454094299,0.878423345409431,10,10,6
0.2,0.9884707849539314,1.6958936828758672e-16,0.9884707849539315,0.9884707849539315,0.9884707849539316,10,10,6
