# N	steps	radius	v_eff
200.000000	5.000000	5.000000	1.000000
200.000000	10.000000	10.000000	1.000000
200.000000	15.000000	15.000000	1.000000
200.000000	20.000000	20.000000	1.000000
