rmse	rel_mae	corr	dx
1.3970968530641652e-16	1.495667541753079e-16	1.0	0.06282722513089034
