transform	dense	tt	dense_rel_change	tt_rel_change	tt_ok	tt_rel_err
transpose	2.91029523229801		0.0		0	
flipud	2.91029523229801		0.0		0	
fliplr	2.91029523229801		0.0		0	
roll_xy	49.88276009408697		0.9416572934855906		0	
transpose_roll	12.961452418788665		0.7754653461459842		0	
